,0
0,What is the name of your organisation?
1,Please enter your organisations' primary contact phone number with country code.
2,Please enter in your organisations' primary contact email.
3,Please enter the address of your organisations' head office/ headquarters.
4,Please enter your organisations' website address and any social media links. [Main Website]
5,Please enter your organisations' website address and any social media links. [Facebook]
6,Please enter your organisations' website address and any social media links. [Twitter]
7,Please enter your organisations' website address and any social media links. [Instagram]
8,Please enter your organisations' website address and any social media links. [LinkedIn ]
9,Please enter your organisations' website address and any social media links. [Other]
10,Which of the following groups does your organisation primarily represent? [Business/Entrepreneur]
11,Which of the following groups does your organisation primarily represent? [Civil Society Organisation / Non-Profit]
12,Which of the following groups does your organisation primarily represent? [Education (Educator/School/District)]
13,Which of the following groups does your organisation primarily represent? [Funder]
14,Which of the following groups does your organisation primarily represent? [INGO]
15,Which of the following groups does your organisation primarily represent? [Local Government]
16,Which of the following groups does your organisation primarily represent? [Multilateral Institute]
17,Which of the following groups does your organisation primarily represent? [National Government]
18,Which of the following groups does your organisation primarily represent? [Research]
19,Which of the following groups does your organisation primarily represent? [Other]
20,Which topics / issues does {INSERTANS:815499X2X10} work on? [Agriculture]
21,Which topics / issues does {INSERTANS:815499X2X10} work on? [Climate Change]
22,Which topics / issues does {INSERTANS:815499X2X10} work on? [Community Development]
23,Which topics / issues does {INSERTANS:815499X2X10} work on? [Conservation]
24,Which topics / issues does {INSERTANS:815499X2X10} work on? [Economic Development]
25,Which topics / issues does {INSERTANS:815499X2X10} work on? [Education]
26,Which topics / issues does {INSERTANS:815499X2X10} work on? [Energy]
27,Which topics / issues does {INSERTANS:815499X2X10} work on? [Food Security]
28,Which topics / issues does {INSERTANS:815499X2X10} work on? [Gender]
29,Which topics / issues does {INSERTANS:815499X2X10} work on? [Grant-making / Philanthropy]
30,Which topics / issues does {INSERTANS:815499X2X10} work on? [Health]
31,Which topics / issues does {INSERTANS:815499X2X10} work on? [Human Rights]
32,Which topics / issues does {INSERTANS:815499X2X10} work on? [Peace Building]
33,Which topics / issues does {INSERTANS:815499X2X10} work on? [Policy-making / Governance]
34,Which topics / issues does {INSERTANS:815499X2X10} work on? [Water]
35,Which topics / issues does {INSERTANS:815499X2X10} work on? [Wildlife / Biodiversity]
36,Which topics / issues does {INSERTANS:815499X2X10} work on? [Other]
37,Which other issues does {INSERTANS:815499X2X10} work on? [Issue 1]
38,Which other issues does {INSERTANS:815499X2X10} work on? [Issue 2]
39,Which other issues does {INSERTANS:815499X2X10} work on? [Issue 3]
40,Which other issues does {INSERTANS:815499X2X10} work on? [Issue 4]
41,Which other issues does {INSERTANS:815499X2X10} work on? [Issue 5]
42,Which other organisations does {INSERTANS:815499X2X10} work most closely with? List up to 10. [Organisation 1]
43,Which other organisations does {INSERTANS:815499X2X10} work most closely with? List up to 10. [Organisation 2]
44,Which other organisations does {INSERTANS:815499X2X10} work most closely with? List up to 10. [Organisation 3]
45,Which other organisations does {INSERTANS:815499X2X10} work most closely with? List up to 10. [Organisation 4]
46,Which other organisations does {INSERTANS:815499X2X10} work most closely with? List up to 10. [Organisation 5]
47,Which other organisations does {INSERTANS:815499X2X10} work most closely with? List up to 10. [Organisation 6]
48,Which other organisations does {INSERTANS:815499X2X10} work most closely with? List up to 10. [Organisation 7]
49,Which other organisations does {INSERTANS:815499X2X10} work most closely with? List up to 10. [Organisation 8]
50,Which other organisations does {INSERTANS:815499X2X10} work most closely with? List up to 10. [Organisation 9]
51,Which other organisations does {INSERTANS:815499X2X10} work most closely with? List up to 10. [Organisation 10]
52,Which of the following issues does {INSERTANS:815499X2X10} work on with {INSERTANS:815499X2X278SQ001}? [Agriculture]
53,Which of the following issues does {INSERTANS:815499X2X10} work on with {INSERTANS:815499X2X278SQ001}? [Climate Change]
54,Which of the following issues does {INSERTANS:815499X2X10} work on with {INSERTANS:815499X2X278SQ001}? [Community Development]
55,Which of the following issues does {INSERTANS:815499X2X10} work on with {INSERTANS:815499X2X278SQ001}? [Conservation]
56,Which of the following issues does {INSERTANS:815499X2X10} work on with {INSERTANS:815499X2X278SQ001}? [Economic Development]
57,Which of the following issues does {INSERTANS:815499X2X10} work on with {INSERTANS:815499X2X278SQ001}? [Education]
58,Which of the following issues does {INSERTANS:815499X2X10} work on with {INSERTANS:815499X2X278SQ001}? [Energy]
59,Which of the following issues does {INSERTANS:815499X2X10} work on with {INSERTANS:815499X2X278SQ001}? [Food Security]
60,Which of the following issues does {INSERTANS:815499X2X10} work on with {INSERTANS:815499X2X278SQ001}? [Gender]
61,Which of the following issues does {INSERTANS:815499X2X10} work on with {INSERTANS:815499X2X278SQ001}? [Grant-making / Philanthropy]
62,Which of the following issues does {INSERTANS:815499X2X10} work on with {INSERTANS:815499X2X278SQ001}? [Health]
63,Which of the following issues does {INSERTANS:815499X2X10} work on with {INSERTANS:815499X2X278SQ001}? [Human Rights]
64,Which of the following issues does {INSERTANS:815499X2X10} work on with {INSERTANS:815499X2X278SQ001}? [Peace Building]
65,Which of the following issues does {INSERTANS:815499X2X10} work on with {INSERTANS:815499X2X278SQ001}? [Policy-making / Governance]
66,Which of the following issues does {INSERTANS:815499X2X10} work on with {INSERTANS:815499X2X278SQ001}? [Water]
67,Which of the following issues does {INSERTANS:815499X2X10} work on with {INSERTANS:815499X2X278SQ001}? [Wildlife / Biodiversity]
68,Which of the following issues does {INSERTANS:815499X2X10} work on with {INSERTANS:815499X2X278SQ001}? [Other]
69,Which other issues does {INSERTANS:815499X2X10} work on with {INSERTANS:815499X2X278SQ001}? [Issue 1]
70,Which other issues does {INSERTANS:815499X2X10} work on with {INSERTANS:815499X2X278SQ001}? [Issue 2]
71,Which other issues does {INSERTANS:815499X2X10} work on with {INSERTANS:815499X2X278SQ001}? [Issue 3]
72,Which other issues does {INSERTANS:815499X2X10} work on with {INSERTANS:815499X2X278SQ001}? [Issue 4]
73,Which other issues does {INSERTANS:815499X2X10} work on with {INSERTANS:815499X2X278SQ001}? [Issue 5]
74,Which of the following issues does {INSERTANS:815499X2X10} work on with {INSERTANS:815499X2X278SQ002}? [Agriculture]
75,Which of the following issues does {INSERTANS:815499X2X10} work on with {INSERTANS:815499X2X278SQ002}? [Climate Change]
76,Which of the following issues does {INSERTANS:815499X2X10} work on with {INSERTANS:815499X2X278SQ002}? [Community Development]
77,Which of the following issues does {INSERTANS:815499X2X10} work on with {INSERTANS:815499X2X278SQ002}? [Conservation]
78,Which of the following issues does {INSERTANS:815499X2X10} work on with {INSERTANS:815499X2X278SQ002}? [Economic Development]
79,Which of the following issues does {INSERTANS:815499X2X10} work on with {INSERTANS:815499X2X278SQ002}? [Education]
80,Which of the following issues does {INSERTANS:815499X2X10} work on with {INSERTANS:815499X2X278SQ002}? [Energy]
81,Which of the following issues does {INSERTANS:815499X2X10} work on with {INSERTANS:815499X2X278SQ002}? [Food Security]
82,Which of the following issues does {INSERTANS:815499X2X10} work on with {INSERTANS:815499X2X278SQ002}? [Gender]
83,Which of the following issues does {INSERTANS:815499X2X10} work on with {INSERTANS:815499X2X278SQ002}? [Grant-making / Philanthropy]
84,Which of the following issues does {INSERTANS:815499X2X10} work on with {INSERTANS:815499X2X278SQ002}? [Health]
85,Which of the following issues does {INSERTANS:815499X2X10} work on with {INSERTANS:815499X2X278SQ002}? [Human Rights]
86,Which of the following issues does {INSERTANS:815499X2X10} work on with {INSERTANS:815499X2X278SQ002}? [Peace Building]
87,Which of the following issues does {INSERTANS:815499X2X10} work on with {INSERTANS:815499X2X278SQ002}? [Policy-making / Governance]
88,Which of the following issues does {INSERTANS:815499X2X10} work on with {INSERTANS:815499X2X278SQ002}? [Water]
89,Which of the following issues does {INSERTANS:815499X2X10} work on with {INSERTANS:815499X2X278SQ002}? [Wildlife / Biodiversity]
90,Which of the following issues does {INSERTANS:815499X2X10} work on with {INSERTANS:815499X2X278SQ002}? [Other]
91,Which other issues does {INSERTANS:815499X2X10} work on with {INSERTANS:815499X2X278SQ002}? [Issue 1]
92,Which other issues does {INSERTANS:815499X2X10} work on with {INSERTANS:815499X2X278SQ002}? [Issue 2]
93,Which other issues does {INSERTANS:815499X2X10} work on with {INSERTANS:815499X2X278SQ002}? [Issue 3]
94,Which other issues does {INSERTANS:815499X2X10} work on with {INSERTANS:815499X2X278SQ002}? [Issue 4]
95,Which other issues does {INSERTANS:815499X2X10} work on with {INSERTANS:815499X2X278SQ002}? [Issue 5]
96,Which of the following issues does {INSERTANS:815499X2X10} work on with {INSERTANS:815499X2X278SQ003}? [Agriculture]
97,Which of the following issues does {INSERTANS:815499X2X10} work on with {INSERTANS:815499X2X278SQ003}? [Climate Change]
98,Which of the following issues does {INSERTANS:815499X2X10} work on with {INSERTANS:815499X2X278SQ003}? [Community Development]
99,Which of the following issues does {INSERTANS:815499X2X10} work on with {INSERTANS:815499X2X278SQ003}? [Conservation]
100,Which of the following issues does {INSERTANS:815499X2X10} work on with {INSERTANS:815499X2X278SQ003}? [Economic Development]
101,Which of the following issues does {INSERTANS:815499X2X10} work on with {INSERTANS:815499X2X278SQ003}? [Education]
102,Which of the following issues does {INSERTANS:815499X2X10} work on with {INSERTANS:815499X2X278SQ003}? [Energy]
103,Which of the following issues does {INSERTANS:815499X2X10} work on with {INSERTANS:815499X2X278SQ003}? [Food Security]
104,Which of the following issues does {INSERTANS:815499X2X10} work on with {INSERTANS:815499X2X278SQ003}? [Gender]
105,Which of the following issues does {INSERTANS:815499X2X10} work on with {INSERTANS:815499X2X278SQ003}? [Grant-making / Philanthropy]
106,Which of the following issues does {INSERTANS:815499X2X10} work on with {INSERTANS:815499X2X278SQ003}? [Health]
107,Which of the following issues does {INSERTANS:815499X2X10} work on with {INSERTANS:815499X2X278SQ003}? [Human Rights]
108,Which of the following issues does {INSERTANS:815499X2X10} work on with {INSERTANS:815499X2X278SQ003}? [Peace Building]
109,Which of the following issues does {INSERTANS:815499X2X10} work on with {INSERTANS:815499X2X278SQ003}? [Policy-making / Governance]
110,Which of the following issues does {INSERTANS:815499X2X10} work on with {INSERTANS:815499X2X278SQ003}? [Water]
111,Which of the following issues does {INSERTANS:815499X2X10} work on with {INSERTANS:815499X2X278SQ003}? [Wildlife / Biodiversity]
112,Which of the following issues does {INSERTANS:815499X2X10} work on with {INSERTANS:815499X2X278SQ003}? [Other]
113,Which other issues does {INSERTANS:815499X2X10} work on with {INSERTANS:815499X2X278SQ003}? [Issue 1]
114,Which other issues does {INSERTANS:815499X2X10} work on with {INSERTANS:815499X2X278SQ003}? [Issue 2]
115,Which other issues does {INSERTANS:815499X2X10} work on with {INSERTANS:815499X2X278SQ003}? [Issue 3]
116,Which other issues does {INSERTANS:815499X2X10} work on with {INSERTANS:815499X2X278SQ003}? [Issue 4]
117,Which other issues does {INSERTANS:815499X2X10} work on with {INSERTANS:815499X2X278SQ003}? [Issue 5]
118,Which of the following issues does {INSERTANS:815499X2X10} work on with {INSERTANS:815499X2X278SQ004}? [Agriculture]
119,Which of the following issues does {INSERTANS:815499X2X10} work on with {INSERTANS:815499X2X278SQ004}? [Climate Change]
120,Which of the following issues does {INSERTANS:815499X2X10} work on with {INSERTANS:815499X2X278SQ004}? [Community Development]
121,Which of the following issues does {INSERTANS:815499X2X10} work on with {INSERTANS:815499X2X278SQ004}? [Conservation]
122,Which of the following issues does {INSERTANS:815499X2X10} work on with {INSERTANS:815499X2X278SQ004}? [Economic Development]
123,Which of the following issues does {INSERTANS:815499X2X10} work on with {INSERTANS:815499X2X278SQ004}? [Education]
124,Which of the following issues does {INSERTANS:815499X2X10} work on with {INSERTANS:815499X2X278SQ004}? [Energy]
125,Which of the following issues does {INSERTANS:815499X2X10} work on with {INSERTANS:815499X2X278SQ004}? [Food Security]
126,Which of the following issues does {INSERTANS:815499X2X10} work on with {INSERTANS:815499X2X278SQ004}? [Gender]
127,Which of the following issues does {INSERTANS:815499X2X10} work on with {INSERTANS:815499X2X278SQ004}? [Grant-making / Philanthropy]
128,Which of the following issues does {INSERTANS:815499X2X10} work on with {INSERTANS:815499X2X278SQ004}? [Health]
129,Which of the following issues does {INSERTANS:815499X2X10} work on with {INSERTANS:815499X2X278SQ004}? [Human Rights]
130,Which of the following issues does {INSERTANS:815499X2X10} work on with {INSERTANS:815499X2X278SQ004}? [Peace Building]
131,Which of the following issues does {INSERTANS:815499X2X10} work on with {INSERTANS:815499X2X278SQ004}? [Policy-making / Governance]
132,Which of the following issues does {INSERTANS:815499X2X10} work on with {INSERTANS:815499X2X278SQ004}? [Water]
133,Which of the following issues does {INSERTANS:815499X2X10} work on with {INSERTANS:815499X2X278SQ004}? [Wildlife / Biodiversity]
134,Which of the following issues does {INSERTANS:815499X2X10} work on with {INSERTANS:815499X2X278SQ004}? [Other]
135,Which other issues does {INSERTANS:815499X2X10} work on with {INSERTANS:815499X2X278SQ004}? [Issue 1]
136,Which other issues does {INSERTANS:815499X2X10} work on with {INSERTANS:815499X2X278SQ004}? [Issue 2]
137,Which other issues does {INSERTANS:815499X2X10} work on with {INSERTANS:815499X2X278SQ004}? [Issue 3]
138,Which other issues does {INSERTANS:815499X2X10} work on with {INSERTANS:815499X2X278SQ004}? [Issue 4]
139,Which other issues does {INSERTANS:815499X2X10} work on with {INSERTANS:815499X2X278SQ004}? [Issue 5]
140,Which of the following issues does {INSERTANS:815499X2X10} work on with {INSERTANS:815499X2X278SQ005}? [Agriculture]
141,Which of the following issues does {INSERTANS:815499X2X10} work on with {INSERTANS:815499X2X278SQ005}? [Climate Change]
142,Which of the following issues does {INSERTANS:815499X2X10} work on with {INSERTANS:815499X2X278SQ005}? [Community Development]
143,Which of the following issues does {INSERTANS:815499X2X10} work on with {INSERTANS:815499X2X278SQ005}? [Conservation]
144,Which of the following issues does {INSERTANS:815499X2X10} work on with {INSERTANS:815499X2X278SQ005}? [Economic Development]
145,Which of the following issues does {INSERTANS:815499X2X10} work on with {INSERTANS:815499X2X278SQ005}? [Education]
146,Which of the following issues does {INSERTANS:815499X2X10} work on with {INSERTANS:815499X2X278SQ005}? [Energy]
147,Which of the following issues does {INSERTANS:815499X2X10} work on with {INSERTANS:815499X2X278SQ005}? [Food Security]
148,Which of the following issues does {INSERTANS:815499X2X10} work on with {INSERTANS:815499X2X278SQ005}? [Gender]
149,Which of the following issues does {INSERTANS:815499X2X10} work on with {INSERTANS:815499X2X278SQ005}? [Grant-making / Philanthropy]
150,Which of the following issues does {INSERTANS:815499X2X10} work on with {INSERTANS:815499X2X278SQ005}? [Health]
151,Which of the following issues does {INSERTANS:815499X2X10} work on with {INSERTANS:815499X2X278SQ005}? [Human Rights]
152,Which of the following issues does {INSERTANS:815499X2X10} work on with {INSERTANS:815499X2X278SQ005}? [Peace Building]
153,Which of the following issues does {INSERTANS:815499X2X10} work on with {INSERTANS:815499X2X278SQ005}? [Policy-making / Governance]
154,Which of the following issues does {INSERTANS:815499X2X10} work on with {INSERTANS:815499X2X278SQ005}? [Water]
155,Which of the following issues does {INSERTANS:815499X2X10} work on with {INSERTANS:815499X2X278SQ005}? [Wildlife / Biodiversity]
156,Which of the following issues does {INSERTANS:815499X2X10} work on with {INSERTANS:815499X2X278SQ005}? [Other]
157,Which other issues does {INSERTANS:815499X2X10} work on with {INSERTANS:815499X2X278SQ005}? [Issue 1]
158,Which other issues does {INSERTANS:815499X2X10} work on with {INSERTANS:815499X2X278SQ005}? [Issue 2]
159,Which other issues does {INSERTANS:815499X2X10} work on with {INSERTANS:815499X2X278SQ005}? [Issue 3]
160,Which other issues does {INSERTANS:815499X2X10} work on with {INSERTANS:815499X2X278SQ005}? [Issue 4]
161,Which other issues does {INSERTANS:815499X2X10} work on with {INSERTANS:815499X2X278SQ005}? [Issue 5]
162,Which of the following issues does {INSERTANS:815499X2X10} work on with {INSERTANS:815499X2X278SQ006}? [Agriculture]
163,Which of the following issues does {INSERTANS:815499X2X10} work on with {INSERTANS:815499X2X278SQ006}? [Climate Change]
164,Which of the following issues does {INSERTANS:815499X2X10} work on with {INSERTANS:815499X2X278SQ006}? [Community Development]
165,Which of the following issues does {INSERTANS:815499X2X10} work on with {INSERTANS:815499X2X278SQ006}? [Conservation]
166,Which of the following issues does {INSERTANS:815499X2X10} work on with {INSERTANS:815499X2X278SQ006}? [Economic Development]
167,Which of the following issues does {INSERTANS:815499X2X10} work on with {INSERTANS:815499X2X278SQ006}? [Education]
168,Which of the following issues does {INSERTANS:815499X2X10} work on with {INSERTANS:815499X2X278SQ006}? [Energy]
169,Which of the following issues does {INSERTANS:815499X2X10} work on with {INSERTANS:815499X2X278SQ006}? [Food Security]
170,Which of the following issues does {INSERTANS:815499X2X10} work on with {INSERTANS:815499X2X278SQ006}? [Gender]
171,Which of the following issues does {INSERTANS:815499X2X10} work on with {INSERTANS:815499X2X278SQ006}? [Grant-making / Philanthropy]
172,Which of the following issues does {INSERTANS:815499X2X10} work on with {INSERTANS:815499X2X278SQ006}? [Health]
173,Which of the following issues does {INSERTANS:815499X2X10} work on with {INSERTANS:815499X2X278SQ006}? [Human Rights]
174,Which of the following issues does {INSERTANS:815499X2X10} work on with {INSERTANS:815499X2X278SQ006}? [Peace Building]
175,Which of the following issues does {INSERTANS:815499X2X10} work on with {INSERTANS:815499X2X278SQ006}? [Policy-making / Governance]
176,Which of the following issues does {INSERTANS:815499X2X10} work on with {INSERTANS:815499X2X278SQ006}? [Water]
177,Which of the following issues does {INSERTANS:815499X2X10} work on with {INSERTANS:815499X2X278SQ006}? [Wildlife / Biodiversity]
178,Which of the following issues does {INSERTANS:815499X2X10} work on with {INSERTANS:815499X2X278SQ006}? [Other]
179,Which other issues does {INSERTANS:815499X2X10} work on with {INSERTANS:815499X2X278SQ006}? [Issue 1]
180,Which other issues does {INSERTANS:815499X2X10} work on with {INSERTANS:815499X2X278SQ006}? [Issue 2]
181,Which other issues does {INSERTANS:815499X2X10} work on with {INSERTANS:815499X2X278SQ006}? [Issue 3]
182,Which other issues does {INSERTANS:815499X2X10} work on with {INSERTANS:815499X2X278SQ006}? [Issue 4]
183,Which other issues does {INSERTANS:815499X2X10} work on with {INSERTANS:815499X2X278SQ006}? [Issue 5]
184,Which of the following issues does {INSERTANS:815499X2X10} work on with {INSERTANS:815499X2X278SQ007}? [Agriculture]
185,Which of the following issues does {INSERTANS:815499X2X10} work on with {INSERTANS:815499X2X278SQ007}? [Climate Change]
186,Which of the following issues does {INSERTANS:815499X2X10} work on with {INSERTANS:815499X2X278SQ007}? [Community Development]
187,Which of the following issues does {INSERTANS:815499X2X10} work on with {INSERTANS:815499X2X278SQ007}? [Conservation]
188,Which of the following issues does {INSERTANS:815499X2X10} work on with {INSERTANS:815499X2X278SQ007}? [Economic Development]
189,Which of the following issues does {INSERTANS:815499X2X10} work on with {INSERTANS:815499X2X278SQ007}? [Education]
190,Which of the following issues does {INSERTANS:815499X2X10} work on with {INSERTANS:815499X2X278SQ007}? [Energy]
191,Which of the following issues does {INSERTANS:815499X2X10} work on with {INSERTANS:815499X2X278SQ007}? [Food Security]
192,Which of the following issues does {INSERTANS:815499X2X10} work on with {INSERTANS:815499X2X278SQ007}? [Gender]
193,Which of the following issues does {INSERTANS:815499X2X10} work on with {INSERTANS:815499X2X278SQ007}? [Grant-making / Philanthropy]
194,Which of the following issues does {INSERTANS:815499X2X10} work on with {INSERTANS:815499X2X278SQ007}? [Health]
195,Which of the following issues does {INSERTANS:815499X2X10} work on with {INSERTANS:815499X2X278SQ007}? [Human Rights]
196,Which of the following issues does {INSERTANS:815499X2X10} work on with {INSERTANS:815499X2X278SQ007}? [Peace Building]
197,Which of the following issues does {INSERTANS:815499X2X10} work on with {INSERTANS:815499X2X278SQ007}? [Policy-making / Governance]
198,Which of the following issues does {INSERTANS:815499X2X10} work on with {INSERTANS:815499X2X278SQ007}? [Water]
199,Which of the following issues does {INSERTANS:815499X2X10} work on with {INSERTANS:815499X2X278SQ007}? [Wildlife / Biodiversity]
200,Which of the following issues does {INSERTANS:815499X2X10} work on with {INSERTANS:815499X2X278SQ007}? [Other]
201,Which other issues does {INSERTANS:815499X2X10} work on with {INSERTANS:815499X2X278SQ007}? [Issue 1]
202,Which other issues does {INSERTANS:815499X2X10} work on with {INSERTANS:815499X2X278SQ007}? [Issue 2]
203,Which other issues does {INSERTANS:815499X2X10} work on with {INSERTANS:815499X2X278SQ007}? [Issue 3]
204,Which other issues does {INSERTANS:815499X2X10} work on with {INSERTANS:815499X2X278SQ007}? [Issue 4]
205,Which other issues does {INSERTANS:815499X2X10} work on with {INSERTANS:815499X2X278SQ007}? [Issue 5]
206,Which of the following issues does {INSERTANS:815499X2X10} work on with {INSERTANS:815499X2X278SQ008}? [Agriculture]
207,Which of the following issues does {INSERTANS:815499X2X10} work on with {INSERTANS:815499X2X278SQ008}? [Climate Change]
208,Which of the following issues does {INSERTANS:815499X2X10} work on with {INSERTANS:815499X2X278SQ008}? [Community Development]
209,Which of the following issues does {INSERTANS:815499X2X10} work on with {INSERTANS:815499X2X278SQ008}? [Conservation]
210,Which of the following issues does {INSERTANS:815499X2X10} work on with {INSERTANS:815499X2X278SQ008}? [Economic Development]
211,Which of the following issues does {INSERTANS:815499X2X10} work on with {INSERTANS:815499X2X278SQ008}? [Education]
212,Which of the following issues does {INSERTANS:815499X2X10} work on with {INSERTANS:815499X2X278SQ008}? [Energy]
213,Which of the following issues does {INSERTANS:815499X2X10} work on with {INSERTANS:815499X2X278SQ008}? [Food Security]
214,Which of the following issues does {INSERTANS:815499X2X10} work on with {INSERTANS:815499X2X278SQ008}? [Gender]
215,Which of the following issues does {INSERTANS:815499X2X10} work on with {INSERTANS:815499X2X278SQ008}? [Grant-making / Philanthropy]
216,Which of the following issues does {INSERTANS:815499X2X10} work on with {INSERTANS:815499X2X278SQ008}? [Health]
217,Which of the following issues does {INSERTANS:815499X2X10} work on with {INSERTANS:815499X2X278SQ008}? [Human Rights]
218,Which of the following issues does {INSERTANS:815499X2X10} work on with {INSERTANS:815499X2X278SQ008}? [Peace Building]
219,Which of the following issues does {INSERTANS:815499X2X10} work on with {INSERTANS:815499X2X278SQ008}? [Policy-making / Governance]
220,Which of the following issues does {INSERTANS:815499X2X10} work on with {INSERTANS:815499X2X278SQ008}? [Water]
221,Which of the following issues does {INSERTANS:815499X2X10} work on with {INSERTANS:815499X2X278SQ008}? [Wildlife / Biodiversity]
222,Which of the following issues does {INSERTANS:815499X2X10} work on with {INSERTANS:815499X2X278SQ008}? [Other]
223,Which other issues does {INSERTANS:815499X2X10} work on with {INSERTANS:815499X2X278SQ008}? [Issue 1]
224,Which other issues does {INSERTANS:815499X2X10} work on with {INSERTANS:815499X2X278SQ008}? [Issue 2]
225,Which other issues does {INSERTANS:815499X2X10} work on with {INSERTANS:815499X2X278SQ008}? [Issue 3]
226,Which other issues does {INSERTANS:815499X2X10} work on with {INSERTANS:815499X2X278SQ008}? [Issue 4]
227,Which other issues does {INSERTANS:815499X2X10} work on with {INSERTANS:815499X2X278SQ008}? [Issue 5]
228,Which of the following issues does {INSERTANS:815499X2X10} work on with {INSERTANS:815499X2X278SQ009}? [Agriculture]
229,Which of the following issues does {INSERTANS:815499X2X10} work on with {INSERTANS:815499X2X278SQ009}? [Climate Change]
230,Which of the following issues does {INSERTANS:815499X2X10} work on with {INSERTANS:815499X2X278SQ009}? [Community Development]
231,Which of the following issues does {INSERTANS:815499X2X10} work on with {INSERTANS:815499X2X278SQ009}? [Conservation]
232,Which of the following issues does {INSERTANS:815499X2X10} work on with {INSERTANS:815499X2X278SQ009}? [Economic Development]
233,Which of the following issues does {INSERTANS:815499X2X10} work on with {INSERTANS:815499X2X278SQ009}? [Education]
234,Which of the following issues does {INSERTANS:815499X2X10} work on with {INSERTANS:815499X2X278SQ009}? [Energy]
235,Which of the following issues does {INSERTANS:815499X2X10} work on with {INSERTANS:815499X2X278SQ009}? [Food Security]
236,Which of the following issues does {INSERTANS:815499X2X10} work on with {INSERTANS:815499X2X278SQ009}? [Gender]
237,Which of the following issues does {INSERTANS:815499X2X10} work on with {INSERTANS:815499X2X278SQ009}? [Grant-making / Philanthropy]
238,Which of the following issues does {INSERTANS:815499X2X10} work on with {INSERTANS:815499X2X278SQ009}? [Health]
239,Which of the following issues does {INSERTANS:815499X2X10} work on with {INSERTANS:815499X2X278SQ009}? [Human Rights]
240,Which of the following issues does {INSERTANS:815499X2X10} work on with {INSERTANS:815499X2X278SQ009}? [Peace Building]
241,Which of the following issues does {INSERTANS:815499X2X10} work on with {INSERTANS:815499X2X278SQ009}? [Policy-making / Governance]
242,Which of the following issues does {INSERTANS:815499X2X10} work on with {INSERTANS:815499X2X278SQ009}? [Water]
243,Which of the following issues does {INSERTANS:815499X2X10} work on with {INSERTANS:815499X2X278SQ009}? [Wildlife / Biodiversity]
244,Which of the following issues does {INSERTANS:815499X2X10} work on with {INSERTANS:815499X2X278SQ009}? [Other]
245,Which other issues does {INSERTANS:815499X2X10} work on with {INSERTANS:815499X2X278SQ009}? [Issue 1]
246,Which other issues does {INSERTANS:815499X2X10} work on with {INSERTANS:815499X2X278SQ009}? [Issue 2]
247,Which other issues does {INSERTANS:815499X2X10} work on with {INSERTANS:815499X2X278SQ009}? [Issue 3]
248,Which other issues does {INSERTANS:815499X2X10} work on with {INSERTANS:815499X2X278SQ009}? [Issue 4]
249,Which other issues does {INSERTANS:815499X2X10} work on with {INSERTANS:815499X2X278SQ009}? [Issue 5]
250,Which of the following issues does {INSERTANS:815499X2X10} work on with {INSERTANS:815499X2X278SQ010}? [Agriculture]
251,Which of the following issues does {INSERTANS:815499X2X10} work on with {INSERTANS:815499X2X278SQ010}? [Climate Change]
252,Which of the following issues does {INSERTANS:815499X2X10} work on with {INSERTANS:815499X2X278SQ010}? [Community Development]
253,Which of the following issues does {INSERTANS:815499X2X10} work on with {INSERTANS:815499X2X278SQ010}? [Conservation]
254,Which of the following issues does {INSERTANS:815499X2X10} work on with {INSERTANS:815499X2X278SQ010}? [Economic Development]
255,Which of the following issues does {INSERTANS:815499X2X10} work on with {INSERTANS:815499X2X278SQ010}? [Education]
256,Which of the following issues does {INSERTANS:815499X2X10} work on with {INSERTANS:815499X2X278SQ010}? [Energy]
257,Which of the following issues does {INSERTANS:815499X2X10} work on with {INSERTANS:815499X2X278SQ010}? [Food Security]
258,Which of the following issues does {INSERTANS:815499X2X10} work on with {INSERTANS:815499X2X278SQ010}? [Gender]
259,Which of the following issues does {INSERTANS:815499X2X10} work on with {INSERTANS:815499X2X278SQ010}? [Grant-making / Philanthropy]
260,Which of the following issues does {INSERTANS:815499X2X10} work on with {INSERTANS:815499X2X278SQ010}? [Health]
261,Which of the following issues does {INSERTANS:815499X2X10} work on with {INSERTANS:815499X2X278SQ010}? [Human Rights]
262,Which of the following issues does {INSERTANS:815499X2X10} work on with {INSERTANS:815499X2X278SQ010}? [Peace Building]
263,Which of the following issues does {INSERTANS:815499X2X10} work on with {INSERTANS:815499X2X278SQ010}? [Policy-making / Governance]
264,Which of the following issues does {INSERTANS:815499X2X10} work on with {INSERTANS:815499X2X278SQ010}? [Water]
265,Which of the following issues does {INSERTANS:815499X2X10} work on with {INSERTANS:815499X2X278SQ010}? [Wildlife / Biodiversity]
266,Which of the following issues does {INSERTANS:815499X2X10} work on with {INSERTANS:815499X2X278SQ010}? [Other]
267,Which other issues does {INSERTANS:815499X2X10} work on with {INSERTANS:815499X2X278SQ010}? [Issue 1]
268,Which other issues does {INSERTANS:815499X2X10} work on with {INSERTANS:815499X2X278SQ010}? [Issue 2]
269,Which other issues does {INSERTANS:815499X2X10} work on with {INSERTANS:815499X2X278SQ010}? [Issue 3]
270,Which other issues does {INSERTANS:815499X2X10} work on with {INSERTANS:815499X2X278SQ010}? [Issue 4]
271,Which other issues does {INSERTANS:815499X2X10} work on with {INSERTANS:815499X2X278SQ010}? [Issue 5]
272,How often does {INSERTANS:815499X2X10} work together with {INSERTANS:815499X2X278SQ001}? [Not in the last 6 months]
273,How often does {INSERTANS:815499X2X10} work together with {INSERTANS:815499X2X278SQ001}? [Once in the last 6 months]
274,How often does {INSERTANS:815499X2X10} work together with {INSERTANS:815499X2X278SQ001}? [Multiple times in the last 6 months]
275,How often does {INSERTANS:815499X2X10} work together with {INSERTANS:815499X2X278SQ001}? [Multiple times a month]
276,How often does {INSERTANS:815499X2X10} work together with {INSERTANS:815499X2X278SQ001}? [Weekly]
277,How often does {INSERTANS:815499X2X10} work together with {INSERTANS:815499X2X278SQ001}? [Multiple times a week]
278,How often does {INSERTANS:815499X2X10} work together with {INSERTANS:815499X2X278SQ002}? [Not in the last 6 months]
279,How often does {INSERTANS:815499X2X10} work together with {INSERTANS:815499X2X278SQ002}? [Once in the last 6 months]
280,How often does {INSERTANS:815499X2X10} work together with {INSERTANS:815499X2X278SQ002}? [Multiple times in the last 6 months]
281,How often does {INSERTANS:815499X2X10} work together with {INSERTANS:815499X2X278SQ002}? [Multiple times a month]
282,How often does {INSERTANS:815499X2X10} work together with {INSERTANS:815499X2X278SQ002}? [Weekly]
283,How often does {INSERTANS:815499X2X10} work together with {INSERTANS:815499X2X278SQ002}? [Multiple times a week]
284,How often does {INSERTANS:815499X2X10} work together with {INSERTANS:815499X2X278SQ003}? [Not in the last 6 months]
285,How often does {INSERTANS:815499X2X10} work together with {INSERTANS:815499X2X278SQ003}? [Once in the last 6 months]
286,How often does {INSERTANS:815499X2X10} work together with {INSERTANS:815499X2X278SQ003}? [Multiple times in the last 6 months]
287,How often does {INSERTANS:815499X2X10} work together with {INSERTANS:815499X2X278SQ003}? [Multiple times a month]
288,How often does {INSERTANS:815499X2X10} work together with {INSERTANS:815499X2X278SQ003}? [Weekly]
289,How often does {INSERTANS:815499X2X10} work together with {INSERTANS:815499X2X278SQ003}? [Multiple times a week]
290,How often does {INSERTANS:815499X2X10} work together with {INSERTANS:815499X2X278SQ004}? [Not in the last 6 months]
291,How often does {INSERTANS:815499X2X10} work together with {INSERTANS:815499X2X278SQ004}? [Once in the last 6 months]
292,How often does {INSERTANS:815499X2X10} work together with {INSERTANS:815499X2X278SQ004}? [Multiple times in the last 6 months]
293,How often does {INSERTANS:815499X2X10} work together with {INSERTANS:815499X2X278SQ004}? [Multiple times a month]
294,How often does {INSERTANS:815499X2X10} work together with {INSERTANS:815499X2X278SQ004}? [Weekly]
295,How often does {INSERTANS:815499X2X10} work together with {INSERTANS:815499X2X278SQ004}? [Multiple times a week]
296,How often does {INSERTANS:815499X2X10} work together with {INSERTANS:815499X2X278SQ005}? [Not in the last 6 months]
297,How often does {INSERTANS:815499X2X10} work together with {INSERTANS:815499X2X278SQ005}? [Once in the last 6 months]
298,How often does {INSERTANS:815499X2X10} work together with {INSERTANS:815499X2X278SQ005}? [Multiple times in the last 6 months]
299,How often does {INSERTANS:815499X2X10} work together with {INSERTANS:815499X2X278SQ005}? [Multiple times a month]
300,How often does {INSERTANS:815499X2X10} work together with {INSERTANS:815499X2X278SQ005}? [Weekly]
301,How often does {INSERTANS:815499X2X10} work together with {INSERTANS:815499X2X278SQ005}? [Multiple times a week]
302,How often does {INSERTANS:815499X2X10} work together with {INSERTANS:815499X2X278SQ006}? [Not in the last 6 months]
303,How often does {INSERTANS:815499X2X10} work together with {INSERTANS:815499X2X278SQ006}? [Once in the last 6 months]
304,How often does {INSERTANS:815499X2X10} work together with {INSERTANS:815499X2X278SQ006}? [Multiple times in the last 6 months]
305,How often does {INSERTANS:815499X2X10} work together with {INSERTANS:815499X2X278SQ006}? [Multiple times a month]
306,How often does {INSERTANS:815499X2X10} work together with {INSERTANS:815499X2X278SQ006}? [Weekly]
307,How often does {INSERTANS:815499X2X10} work together with {INSERTANS:815499X2X278SQ006}? [Multiple times a week]
308,How often does {INSERTANS:815499X2X10} work together with {INSERTANS:815499X2X278SQ007}? [Not in the last 6 months]
309,How often does {INSERTANS:815499X2X10} work together with {INSERTANS:815499X2X278SQ007}? [Once in the last 6 months]
310,How often does {INSERTANS:815499X2X10} work together with {INSERTANS:815499X2X278SQ007}? [Multiple times in the last 6 months]
311,How often does {INSERTANS:815499X2X10} work together with {INSERTANS:815499X2X278SQ007}? [Multiple times a month]
312,How often does {INSERTANS:815499X2X10} work together with {INSERTANS:815499X2X278SQ007}? [Weekly]
313,How often does {INSERTANS:815499X2X10} work together with {INSERTANS:815499X2X278SQ007}? [Multiple times a week]
314,How often does {INSERTANS:815499X2X10} work together with {INSERTANS:815499X2X278SQ008}? [Not in the last 6 months]
315,How often does {INSERTANS:815499X2X10} work together with {INSERTANS:815499X2X278SQ008}? [Once in the last 6 months]
316,How often does {INSERTANS:815499X2X10} work together with {INSERTANS:815499X2X278SQ008}? [Multiple times in the last 6 months]
317,How often does {INSERTANS:815499X2X10} work together with {INSERTANS:815499X2X278SQ008}? [Multiple times a month]
318,How often does {INSERTANS:815499X2X10} work together with {INSERTANS:815499X2X278SQ008}? [Weekly]
319,How often does {INSERTANS:815499X2X10} work together with {INSERTANS:815499X2X278SQ008}? [Multiple times a week]
320,How often does {INSERTANS:815499X2X10} work together with {INSERTANS:815499X2X278SQ009}? [Not in the last 6 months]
321,How often does {INSERTANS:815499X2X10} work together with {INSERTANS:815499X2X278SQ009}? [Once in the last 6 months]
322,How often does {INSERTANS:815499X2X10} work together with {INSERTANS:815499X2X278SQ009}? [Multiple times in the last 6 months]
323,How often does {INSERTANS:815499X2X10} work together with {INSERTANS:815499X2X278SQ009}? [Multiple times a month]
324,How often does {INSERTANS:815499X2X10} work together with {INSERTANS:815499X2X278SQ009}? [Weekly]
325,How often does {INSERTANS:815499X2X10} work together with {INSERTANS:815499X2X278SQ009}? [Multiple times a week]
326,How often does {INSERTANS:815499X2X10} work together with {INSERTANS:815499X2X278SQ010}? [Not in the last 6 months]
327,How often does {INSERTANS:815499X2X10} work together with {INSERTANS:815499X2X278SQ010}? [Once in the last 6 months]
328,How often does {INSERTANS:815499X2X10} work together with {INSERTANS:815499X2X278SQ010}? [Multiple times in the last 6 months]
329,How often does {INSERTANS:815499X2X10} work together with {INSERTANS:815499X2X278SQ010}? [Multiple times a month]
330,How often does {INSERTANS:815499X2X10} work together with {INSERTANS:815499X2X278SQ010}? [Weekly]
331,How often does {INSERTANS:815499X2X10} work together with {INSERTANS:815499X2X278SQ010}? [Multiple times a week]
